epoch,accuracy,loss,mae,val_accuracy,val_loss,val_mae
0,0.22965064644813538,0.04916168004274368,0.15900717675685883,0.3886524736881256,0.0285952091217041,0.15198834240436554
1,0.23284269869327545,0.012849448248744011,0.0899709090590477,0.10992907732725143,0.19620192050933838,0.411383718252182
2,0.24649760127067566,0.009649124927818775,0.07767137885093689,0.3716312050819397,0.18471769988536835,0.3984088897705078
3,0.26724597811698914,0.00786111131310463,0.06987255066633224,0.37304964661598206,0.1797713041305542,0.39286643266677856
4,0.29189571738243103,0.0069425711408257484,0.06526144593954086,0.3787234127521515,0.18695208430290222,0.4004591107368469
5,0.3108707070350647,0.006089408416301012,0.06102195009589195,0.38297873735427856,0.15493643283843994,0.3641631007194519
6,0.3225749135017395,0.005436644423753023,0.057467203587293625,0.4482269585132599,0.16134312748908997,0.3712975084781647
7,0.3413725793361664,0.004986934829503298,0.054734859615564346,0.4226950407028198,0.12960447371006012,0.3320316970348358
8,0.3333924412727356,0.004700710065662861,0.052946578711271286,0.5468084812164307,0.13534370064735413,0.3391457796096802
9,0.3541408181190491,0.004201723728328943,0.04986104741692543,0.5858156085014343,0.12040574103593826,0.3195537328720093
10,0.36885973811149597,0.004039634019136429,0.04873717948794365,0.6127659678459167,0.12643663585186005,0.3274310827255249
11,0.3796772360801697,0.003827806096524,0.04723178222775459,0.5879432559013367,0.12516628205776215,0.3256029784679413
12,0.38003191351890564,0.0036966984625905752,0.046231646090745926,0.5148935914039612,0.12911295890808105,0.3308066427707672
13,0.39155879616737366,0.0035200093407183886,0.044973649084568024,0.5283687710762024,0.12712977826595306,0.3281770348548889
14,0.408051073551178,0.0033107378985732794,0.04356372728943825,0.478723406791687,0.09975258260965347,0.290167897939682
15,0.41514453291893005,0.003158276667818427,0.042339347302913666,0.590070903301239,0.10445752739906311,0.2970113754272461
16,0.4247207045555115,0.003073032945394516,0.041678957641124725,0.5872340202331543,0.08487777411937714,0.26721906661987305
17,0.42791274189949036,0.0029887272976338863,0.04091085493564606,0.6184397339820862,0.08789724111557007,0.2718277871608734
18,0.44085830450057983,0.0028393142856657505,0.03975387662649155,0.5829787254333496,0.09413391351699829,0.2810131907463074
19,0.4422770142555237,0.0027425887528806925,0.0389767587184906,0.5205673575401306,0.08670783787965775,0.2696036696434021
20,0.44564640522003174,0.0026967243757098913,0.03849766030907631,0.5936170220375061,0.0794023647904396,0.257739394903183
21,0.44972512125968933,0.00260980986058712,0.037673432379961014,0.541134774684906,0.08389969915151596,0.26501941680908203
22,0.47082817554473877,0.002532085869461298,0.037032149732112885,0.6290780305862427,0.06521642208099365,0.23281075060367584
23,0.4734882116317749,0.002472098683938384,0.036476749926805496,0.6248226761817932,0.0697697177529335,0.24052247405052185
24,0.48395106196403503,0.0024063147138804197,0.03596804663538933,0.6092198491096497,0.05568372458219528,0.21385203301906586
25,0.4903351664543152,0.002418304793536663,0.035953305661678314,0.6092198491096497,0.04991931840777397,0.2015867382287979
26,0.4844830632209778,0.0022926933597773314,0.03481840342283249,0.6078014373779297,0.05244310945272446,0.20715637505054474
27,0.49849262833595276,0.002300152787938714,0.034848663955926895,0.611347496509552,0.049692437052726746,0.20111700892448425
28,0.49547791481018066,0.002198366681113839,0.03411499038338661,0.6170212626457214,0.0401272252202034,0.18055443465709686
29,0.5057634115219116,0.002193176420405507,0.03377135843038559,0.609929084777832,0.04626474156975746,0.19243605434894562
30,0.5144529342651367,0.002157056936994195,0.03351859375834465,0.6163120269775391,0.04471924155950546,0.19068163633346558
31,0.5240290760993958,0.0021079585421830416,0.03310450538992882,0.6127659678459167,0.04925711825489998,0.199964240193367
32,0.5305905342102051,0.0020333463326096535,0.03230356425046921,0.6085106134414673,0.022166874259710312,0.13101235032081604
33,0.5213690400123596,0.002019546227529645,0.032146941870450974,0.609929084777832,0.03219010308384895,0.15949681401252747
34,0.5366199612617493,0.00200094236060977,0.03186625987291336,0.6085106134414673,0.028064116835594177,0.1474887877702713
35,0.5373293161392212,0.001997146988287568,0.03181435167789459,0.6092198491096497,0.018886804580688477,0.11755698919296265
36,0.5364426374435425,0.00195809337310493,0.031432535499334335,0.6092198491096497,0.023814041167497635,0.13550393283367157
37,0.5486788153648376,0.0019173291511833668,0.03101942501962185,0.6092198491096497,0.00882772821933031,0.07877442240715027
38,0.5697818994522095,0.0018925872864201665,0.030821368098258972,0.6092198491096497,0.005938690155744553,0.06340482831001282
39,0.5600283741950989,0.001877533388324082,0.03063037246465683,0.6092198491096497,0.03539802506566048,0.1682043969631195
40,0.558609664440155,0.0018737160135060549,0.030568482354283333,0.6085106134414673,0.005776804406195879,0.06339126825332642
41,0.5619790554046631,0.0018253132002428174,0.030192099511623383,0.6085106134414673,0.015588566660881042,0.10901148617267609
42,0.5759886503219604,0.0018086058553308249,0.0299028642475605,0.6085106134414673,0.017797555774450302,0.11587942391633987
43,0.5680084824562073,0.0017826705006882548,0.02963826432824135,0.6085106134414673,0.020340798422694206,0.12539920210838318
44,0.5866288542747498,0.001764972461387515,0.029401132836937904,0.6085106134414673,0.018824707716703415,0.11912354826927185
45,0.5818407535552979,0.0017565872985869646,0.029318254441022873,0.6085106134414673,0.014039651490747929,0.1023794636130333
46,0.5830820798873901,0.0017512037884443998,0.02904769405722618,0.6085106134414673,0.02133879065513611,0.12844322621822357
47,0.5869835019111633,0.0017271601827815175,0.02891269139945507,0.6085106134414673,0.014602466486394405,0.1052706316113472
48,0.5868061780929565,0.0016865212237462401,0.028593525290489197,0.6085106134414673,0.017222296446561813,0.11379916220903397
49,0.5910622477531433,0.0016919482732191682,0.028631340712308884,0.6085106134414673,0.015935059636831284,0.10885213315486908
50,0.5951409935951233,0.0016780392033979297,0.028339533135294914,0.6085106134414673,0.009728620760142803,0.08349410444498062
51,0.5880475044250488,0.0016645811265334487,0.028266215696930885,0.6085106134414673,0.011235076002776623,0.09142456948757172
52,0.5946089625358582,0.0016294248634949327,0.02787875011563301,0.6085106134414673,0.005962436553090811,0.06496596336364746
53,0.5937222838401794,0.00166452513076365,0.028198694810271263,0.6085106134414673,0.005865326151251793,0.06368743628263474
54,0.601525068283081,0.0016190039459615946,0.027845365926623344,0.6085106134414673,0.007924001663923264,0.07552983611822128
55,0.601525068283081,0.0016229657921940088,0.02786959521472454,0.6085106134414673,0.005862802267074585,0.06397564709186554
56,0.6054264903068542,0.0015924647450447083,0.027497166767716408,0.6085106134414673,0.00910447258502245,0.08125264942646027
57,0.6054264903068542,0.0015851607313379645,0.027379581704735756,0.6085106134414673,0.005499385762959719,0.06044838950037956
58,0.6050718426704407,0.0015674884198233485,0.02722642384469509,0.6085106134414673,0.0060474504716694355,0.0639711245894432
59,0.6089732050895691,0.0015646317042410374,0.027212003245949745,0.6085106134414673,0.0038226863835006952,0.04942557215690613
60,0.6173080205917358,0.001543534453958273,0.026870526373386383,0.6085106134414673,0.0038259762804955244,0.049565088003873825
61,0.6174853444099426,0.0015151684638112783,0.026586854830384254,0.6085106134414673,0.0075290449894964695,0.07282085716724396
62,0.6153573393821716,0.0015324600972235203,0.026737617328763008,0.6085106134414673,0.00551467714831233,0.0605291984975338
63,0.6189040541648865,0.0015000643907114863,0.026415295898914337,0.6085106134414673,0.006869811099022627,0.06929244846105576
64,0.6203227639198303,0.001530619920231402,0.0266858097165823,0.6085106134414673,0.005292059388011694,0.060155995190143585
65,0.6217414140701294,0.001487524132244289,0.0263175368309021,0.6085106134414673,0.003572183893993497,0.04778119921684265
66,0.6176627278327942,0.001488140900619328,0.02614077925682068,0.6085106134414673,0.003727491945028305,0.04881839081645012
67,0.6236921548843384,0.0014775963500142097,0.02617100067436695,0.6085106134414673,0.005266392603516579,0.05957794561982155
68,0.6245788335800171,0.0014670917298644781,0.025981111451983452,0.6085106134414673,0.003662279574200511,0.04877670481801033
69,0.6197907328605652,0.0014507725136354566,0.02578914538025856,0.6085106134414673,0.004634813405573368,0.05609874799847603
70,0.6231601238250732,0.0014523835852742195,0.02579507976770401,0.6085106134414673,0.0038319730665534735,0.05020160973072052
71,0.63149493932724,0.001428699353709817,0.02553136833012104,0.6085106134414673,0.002514210296794772,0.039168085902929306
72,0.62741619348526,0.0014089660253375769,0.025245286524295807,0.6085106134414673,0.0025248073507100344,0.0394723080098629
73,0.6231601238250732,0.0014132242649793625,0.02540251985192299,0.6085106134414673,0.0037866714410483837,0.050050366669893265
74,0.6238694787025452,0.0013925754465162754,0.025043239817023277,0.6085106134414673,0.0021664160303771496,0.03546600788831711
75,0.6238694787025452,0.0014049215242266655,0.025125421583652496,0.6085106134414673,0.002452748827636242,0.038726989179849625
76,0.6284802556037903,0.0013921285280957818,0.025035692378878593,0.6085106134414673,0.0023010175209492445,0.037119992077350616
77,0.6279482245445251,0.0013816499849781394,0.024814806878566742,0.6085106134414673,0.001937282970175147,0.033643096685409546
78,0.6268842220306396,0.0013749889330938458,0.024819673970341682,0.6085106134414673,0.0021806650329381227,0.03630323335528374
79,0.6311402916908264,0.0013684165896847844,0.024618105962872505,0.6085106134414673,0.0019356722477823496,0.03375367820262909
80,0.6284802556037903,0.0013616036158055067,0.024659082293510437,0.6085106134414673,0.0018788892775774002,0.03309786319732666
81,0.6302536129951477,0.0013614147901535034,0.02452395111322403,0.6085106134414673,0.001546311192214489,0.029108533635735512
82,0.6263521909713745,0.001332736574113369,0.024287519976496696,0.6085106134414673,0.0013834605924785137,0.026908444240689278
83,0.6265295147895813,0.0013358062133193016,0.02426312491297722,0.6085106134414673,0.0013673017965629697,0.02665565349161625
84,0.6311402916908264,0.0013151868479326367,0.02401481755077839,0.6085106134414673,0.001214586547575891,0.024128472432494164
85,0.6295442581176758,0.0013265314046293497,0.024130355566740036,0.6085106134414673,0.0011436697095632553,0.023109260946512222
86,0.6307855844497681,0.0013086681719869375,0.023937933146953583,0.6085106134414673,0.0010236710077151656,0.020553940907120705
87,0.6302536129951477,0.0013005067594349384,0.023834113031625748,0.6085106134414673,0.0009927694918587804,0.01940802112221718
88,0.6281255483627319,0.0013024733634665608,0.02369525097310543,0.6085106134414673,0.0009875138057395816,0.019643455743789673
89,0.6311402916908264,0.0012868436751887202,0.023674994707107544,0.6085106134414673,0.0009910344379022717,0.01933683454990387
90,0.6298989057540894,0.001288552419282496,0.023629624396562576,0.6085106134414673,0.0010062806541100144,0.01947787217795849
91,0.6298989057540894,0.0012889622012153268,0.023580405861139297,0.6085106134414673,0.0009977257577702403,0.01995653100311756
92,0.6306082606315613,0.0012674648314714432,0.023419905453920364,0.6085106134414673,0.0009931586682796478,0.019758563488721848
93,0.6316722631454468,0.0012699015205726027,0.023373860865831375,0.6085106134414673,0.0009932451648637652,0.019176060333848
94,0.6298989057540894,0.0012629900593310595,0.023265697062015533,0.6085106134414673,0.0009935625130310655,0.019077308475971222
95,0.6306082606315613,0.0012687331764027476,0.023318365216255188,0.6085106134414673,0.0009958375012502074,0.019089998677372932
96,0.6291895508766174,0.0012485891347751021,0.023040616884827614,0.6085106134414673,0.0009921386372298002,0.019683755934238434
97,0.6309629082679749,0.0012568988604471087,0.023144898936152458,0.6085106134414673,0.0009925701888278127,0.019786665216088295
98,0.6334456205368042,0.0012441672151908278,0.023027688264846802,0.6085106134414673,0.000985792139545083,0.0195762999355793
99,0.6304309368133545,0.001241546357050538,0.022918950766324997,0.6085106134414673,0.0009955436689779162,0.019200749695301056
100,0.6297215819358826,0.001230308203957975,0.02278195321559906,0.6085106134414673,0.0009912241948768497,0.019480600953102112
101,0.6302536129951477,0.001228967448696494,0.022785339504480362,0.6085106134414673,0.000990107306279242,0.01969960331916809
102,0.6307855844497681,0.0012193506117910147,0.022608889266848564,0.6085106134414673,0.0009880104335024953,0.019341973587870598
103,0.6306082606315613,0.001220974256284535,0.022666634991765022,0.6085106134414673,0.000990942120552063,0.019075313583016396
104,0.6309629082679749,0.0012135166907683015,0.022542761638760567,0.6085106134414673,0.0009886249899864197,0.019349245354533195
105,0.6311402916908264,0.0012141746701672673,0.0225303303450346,0.6085106134414673,0.0010024261428043246,0.019177479669451714
106,0.6329136490821838,0.0012094253906980157,0.022446954622864723,0.6085106134414673,0.0009982927003875375,0.019264353439211845
107,0.6291895508766174,0.0012008599005639553,0.022381365299224854,0.6085106134414673,0.0009935800917446613,0.019270651042461395
108,0.6332682967185974,0.0011927945306524634,0.022229567170143127,0.6085106134414673,0.0010102035012096167,0.01990797556936741
109,0.6307855844497681,0.001189567381516099,0.022181261330842972,0.6085106134414673,0.0009965116623789072,0.019249936565756798
110,0.6304309368133545,0.0011862480314448476,0.02221522480249405,0.6085106134414673,0.0009953795233741403,0.01976451463997364
111,0.6297215819358826,0.0011918421369045973,0.022200582548975945,0.6085106134414673,0.000995646696537733,0.01964019425213337
112,0.6339776515960693,0.0011818091152235866,0.022097326815128326,0.6085106134414673,0.0009922296740114689,0.01926359534263611
113,0.6304309368133545,0.0011820585932582617,0.022071311250329018,0.6085106134414673,0.0009900536388158798,0.019242197275161743
114,0.6325589418411255,0.0011738840257748961,0.021995920687913895,0.6085106134414673,0.0009859629208222032,0.019328515976667404
115,0.6295442581176758,0.001170649309642613,0.02193019725382328,0.6085106134414673,0.0009873427916318178,0.019198963418602943
116,0.6336230039596558,0.001163978478871286,0.021834367886185646,0.6085106134414673,0.0009915357222780585,0.01951027102768421
117,0.6334456205368042,0.001169445808045566,0.021842259913682938,0.6085106134414673,0.0009901451412588358,0.019043518230319023
118,0.632736325263977,0.0011601925361901522,0.021718613803386688,0.6085106134414673,0.0010001299669966102,0.020423749461770058
119,0.6302536129951477,0.0011624457547441125,0.021771786734461784,0.6085106134414673,0.0009920557495206594,0.020039068534970284
120,0.6316722631454468,0.0011638174764811993,0.02176443487405777,0.6085106134414673,0.0009884301107376814,0.019793018698692322
121,0.6295442581176758,0.0011525717563927174,0.021680565550923347,0.6085106134414673,0.000991400913335383,0.019095879048109055
122,0.6330909729003906,0.001149725983850658,0.021605804562568665,0.6085106134414673,0.0009944557677954435,0.019298935309052467
123,0.6323816180229187,0.0011482065310701728,0.021535567939281464,0.6085106134414673,0.0009882519952952862,0.019171347841620445
124,0.6322042942047119,0.0011330145644024014,0.021361811086535454,0.6085106134414673,0.0009910687804222107,0.01909875124692917
125,0.6307855844497681,0.0011486688163131475,0.021571388468146324,0.6085106134414673,0.0009994922438636422,0.019127655774354935
126,0.6307855844497681,0.0011416831985116005,0.021404465660452843,0.6085106134414673,0.0009920512093231082,0.019167201593518257
127,0.6316722631454468,0.001135940314270556,0.021385081112384796,0.6085106134414673,0.0009921210585162044,0.019511109218001366
128,0.6313176155090332,0.0011313152499496937,0.02124778926372528,0.6085106134414673,0.0009953661356121302,0.019833438098430634
129,0.6313176155090332,0.0011378563940525055,0.021284088492393494,0.6085106134414673,0.0009952454129233956,0.019931262359023094
130,0.6323816180229187,0.001128248986788094,0.021246861666440964,0.6085106134414673,0.0009901553858071566,0.019014213234186172
131,0.6322042942047119,0.0011231334647163749,0.021130410954356194,0.6085106134414673,0.0009928337531164289,0.01941894181072712
132,0.6304309368133545,0.0011252766707912087,0.0211426243185997,0.6085106134414673,0.0009890530491247773,0.019133303314447403
133,0.6288349032402039,0.0011185811599716544,0.021060874685645103,0.6085106134414673,0.0009941094322130084,0.01921798661351204
134,0.6322042942047119,0.001117787673138082,0.021032027900218964,0.6085106134414673,0.0009931799722835422,0.019481737166643143
135,0.6322042942047119,0.0011165328323841095,0.02103564515709877,0.6085106134414673,0.000992132001556456,0.019194580614566803
136,0.6336230039596558,0.0011074496433138847,0.020944315940141678,0.6085106134414673,0.0009983547497540712,0.01886620558798313
137,0.6318496465682983,0.0011107160244137049,0.020936088636517525,0.6085106134414673,0.0009939064038917422,0.019608639180660248
138,0.6332682967185974,0.0011061504483222961,0.02088480442762375,0.6085106134414673,0.0009910247754305601,0.01917262189090252
139,0.63149493932724,0.0011063318233937025,0.020883632823824883,0.6085106134414673,0.0009915399132296443,0.0190205629914999
140,0.63149493932724,0.0010985512053593993,0.020755575969815254,0.6085106134414673,0.0009931743843480945,0.019084803760051727
141,0.6322042942047119,0.0011039695236831903,0.020789701491594315,0.6085106134414673,0.000991740496829152,0.019203487783670425
142,0.6332682967185974,0.0011020790552720428,0.020786665380001068,0.6085106134414673,0.0009919931180775166,0.019382573664188385
143,0.6316722631454468,0.0011004855623468757,0.020747222006320953,0.6085106134414673,0.0009925623890012503,0.019233999773859978
144,0.6275935173034668,0.0010928410338237882,0.020646817982196808,0.6085106134414673,0.0009919271105900407,0.019476788118481636
145,0.6302536129951477,0.0010940029751509428,0.020663674920797348,0.6085106134414673,0.0009950114181265235,0.019253555685281754
146,0.6286575794219971,0.001088255550712347,0.020614992827177048,0.6085106134414673,0.0009933317778632045,0.01919480413198471
147,0.6320269703865051,0.0010894668521359563,0.020627252757549286,0.6085106134414673,0.0009938470320776105,0.019357070326805115
148,0.6322042942047119,0.0010894793085753918,0.02058064565062523,0.6085106134414673,0.0010006598895415664,0.019192570820450783
149,0.63149493932724,0.0010927513940259814,0.02061573602259159,0.6085106134414673,0.000991249457001686,0.019784558564424515
150,0.6339776515960693,0.0010846989462152123,0.02054603584110737,0.6085106134414673,0.0009954351698979735,0.019260577857494354
151,0.6336230039596558,0.0010818797163665295,0.020470844581723213,0.6085106134414673,0.0009937190916389227,0.019123204052448273
152,0.6338003277778625,0.0010729372734203935,0.020348936319351196,0.6085106134414673,0.00099306576885283,0.019611751660704613
153,0.6302536129951477,0.0010781976161524653,0.020431557670235634,0.6085106134414673,0.0009915120899677277,0.019459297880530357
154,0.6288349032402039,0.0010801508324220777,0.020479384809732437,0.6085106134414673,0.0009910602821037173,0.019078277051448822
155,0.6320269703865051,0.0010743291350081563,0.020327482372522354,0.6085106134414673,0.0009914215188473463,0.019335387274622917
156,0.6320269703865051,0.0010716451797634363,0.020289000123739243,0.6085106134414673,0.0009988155215978622,0.019083740189671516
157,0.6290122270584106,0.0010764662874862552,0.020329304039478302,0.6085106134414673,0.0009927345672622323,0.019327418878674507
158,0.6313176155090332,0.0010756202973425388,0.0202870424836874,0.6085106134414673,0.000994615606032312,0.01940624974668026
159,0.6311402916908264,0.0010716429678723216,0.020260751247406006,0.6085106134414673,0.0009923862526193261,0.019228383898735046
160,0.6330909729003906,0.0010733563685789704,0.02030113898217678,0.6085106134414673,0.0009926272323355079,0.019168037921190262
161,0.6300762295722961,0.0010575993219390512,0.02009192295372486,0.6085106134414673,0.0009937334107235074,0.019525140523910522
162,0.6302536129951477,0.0010658884420990944,0.020213808864355087,0.6085106134414673,0.0009956040885299444,0.01890990138053894
163,0.632736325263977,0.001063433475792408,0.02014908939599991,0.6085106134414673,0.0009924236219376326,0.019206833094358444
164,0.6320269703865051,0.001056369743309915,0.020029915496706963,0.6085106134414673,0.0009936683345586061,0.01916183903813362
165,0.6318496465682983,0.0010662274435162544,0.020190926268696785,0.6085106134414673,0.0009915545815601945,0.019367845728993416
166,0.63557368516922,0.0010513471206650138,0.020024603232741356,0.6085106134414673,0.0009952080436050892,0.01899830251932144
167,0.6320269703865051,0.0010493329027667642,0.019937552511692047,0.6085106134414673,0.0009888727217912674,0.01957831345498562
168,0.629366934299469,0.001058322610333562,0.020069492980837822,0.6085106134414673,0.0009954036213457584,0.0196180772036314
169,0.6316722631454468,0.0010576104978099465,0.02003335952758789,0.6085106134414673,0.0009954178240150213,0.019093643873929977
170,0.6300762295722961,0.0010518698254600167,0.020011745393276215,0.6085106134414673,0.0009993643034249544,0.0188397578895092
171,0.6302536129951477,0.001051260158419609,0.0199571680277586,0.6085106134414673,0.0009957419242709875,0.0191004928201437
172,0.6309629082679749,0.0010548927821218967,0.019977306947112083,0.6085106134414673,0.0009910432854667306,0.01921430602669716
173,0.6295442581176758,0.001050974940881133,0.01996108889579773,0.6085106134414673,0.0009884913451969624,0.019295567646622658
174,0.6316722631454468,0.001056414796039462,0.019983705133199692,0.6085106134414673,0.0009899308206513524,0.01935620605945587
175,0.6343322992324829,0.0010485858656466007,0.019924109801650047,0.6085106134414673,0.0009929802035912871,0.01926877722144127
176,0.6322042942047119,0.0010453725699335337,0.019817588850855827,0.6085106134414673,0.0009886941406875849,0.019355246797204018
177,0.6316722631454468,0.0010463530197739601,0.019901050254702568,0.6085106134414673,0.0009956624126061797,0.019520772621035576
178,0.6309629082679749,0.00104787468444556,0.019854187965393066,0.6085106134414673,0.0009950422681868076,0.019241124391555786
179,0.6304309368133545,0.0010449682595208287,0.019840478897094727,0.6085106134414673,0.000993708148598671,0.01925666816532612
180,0.6332682967185974,0.0010443764040246606,0.0198558047413826,0.6085106134414673,0.0010036526946350932,0.018939411267638206
181,0.6318496465682983,0.0010424787178635597,0.019737325608730316,0.6085106134414673,0.000995106529444456,0.01917784847319126
182,0.6300762295722961,0.0010376751888543367,0.019763372838497162,0.6085106134414673,0.0009869267232716084,0.01907777227461338
183,0.6318496465682983,0.001038487534970045,0.01974627561867237,0.6085106134414673,0.0009935097768902779,0.019013922661542892
184,0.6311402916908264,0.0010366450296714902,0.019654128700494766,0.6085106134414673,0.0009851922513917089,0.019551709294319153
185,0.6322042942047119,0.0010396074503660202,0.019786104559898376,0.6085106134414673,0.0009942844044417143,0.01939871907234192
186,0.6322042942047119,0.0010347920469939709,0.01966172084212303,0.6085106134414673,0.0009923317702487111,0.019268162548542023
187,0.6336230039596558,0.0010309257777407765,0.019683226943016052,0.6085106134414673,0.0009927928913384676,0.019012413918972015
188,0.6307855844497681,0.0010355461854487658,0.019679395481944084,0.6085106134414673,0.0009913124376907945,0.01909666508436203
189,0.6304309368133545,0.001036637695506215,0.019617579877376556,0.6085106134414673,0.000990046071819961,0.01921847090125084
190,0.6307855844497681,0.0010322906309738755,0.01961969956755638,0.6085106134414673,0.0009902785532176495,0.019075732678174973
191,0.6330909729003906,0.0010290922364220023,0.01954267919063568,0.6085106134414673,0.000990584958344698,0.019204244017601013
192,0.6329136490821838,0.0010331401135772467,0.019615603610873222,0.6085106134414673,0.000991215929389,0.01900644041597843
193,0.6307855844497681,0.001032328000292182,0.019633376970887184,0.6085106134414673,0.0009935462148860097,0.01887843757867813
194,0.6323816180229187,0.0010301644215360284,0.019603153690695763,0.6085106134414673,0.0009934250265359879,0.018985053524374962
195,0.632736325263977,0.0010286056203767657,0.019552692770957947,0.6085106134414673,0.000993602443486452,0.019094321876764297
196,0.6300762295722961,0.0010259620612487197,0.019531168043613434,0.6085106134414673,0.0009894819231703877,0.019093593582510948
197,0.6329136490821838,0.001026617712341249,0.019552702084183693,0.6085106134414673,0.0009896625997498631,0.01883876323699951
198,0.6307855844497681,0.0010285949101671576,0.019480779767036438,0.6085106134414673,0.0009973591659218073,0.018871521577239037
199,0.6345096826553345,0.0010219448013231158,0.01949784718453884,0.6085106134414673,0.0009877810953184962,0.01929626800119877
200,0.6332682967185974,0.0010237550595775247,0.019495386630296707,0.6085106134414673,0.000992206740193069,0.01907375268638134
201,0.6311402916908264,0.001025371253490448,0.019452359527349472,0.6085106134414673,0.0009939154842868447,0.01877198927104473
202,0.6320269703865051,0.0010228730970993638,0.019471779465675354,0.6085106134414673,0.0009965962963178754,0.018873102962970734
203,0.6311402916908264,0.001024839119054377,0.01946496032178402,0.6085106134414673,0.0009963370393961668,0.0190136656165123
204,0.6336230039596558,0.0010233825305476785,0.01944100856781006,0.6085106134414673,0.0009989711688831449,0.01880542002618313
205,0.6330909729003906,0.0010186757426708937,0.019378693774342537,0.6085106134414673,0.001004593912512064,0.01874990202486515
206,0.6332682967185974,0.0010207671439275146,0.019394492730498314,0.6085106134414673,0.0009946207283064723,0.01896050199866295
207,0.6311402916908264,0.0010201178956776857,0.01941223256289959,0.6085106134414673,0.0009900040458887815,0.019162265583872795
208,0.6311402916908264,0.0010219765827059746,0.019428465515375137,0.6085106134414673,0.0009919110452756286,0.019149312749505043
209,0.6267068386077881,0.0010203830897808075,0.01938019134104252,0.6085106134414673,0.0009923424804583192,0.01925959438085556
210,0.6302536129951477,0.0010194071801379323,0.019378773868083954,0.6085106134414673,0.000991789624094963,0.018848508596420288
211,0.6313176155090332,0.0010190991451963782,0.019367290660738945,0.6085106134414673,0.0009947981452569366,0.019042035564780235
212,0.6288349032402039,0.0010178475640714169,0.019348019734025,0.6085106134414673,0.0009905091719701886,0.019542671740055084
213,0.6306082606315613,0.0010143970139324665,0.019306359812617302,0.6085106134414673,0.0009932599496096373,0.01898140087723732
214,0.63149493932724,0.0010155370691791177,0.019299497827887535,0.6085106134414673,0.000990028027445078,0.019258372485637665
215,0.6251108646392822,0.0010171150788664818,0.019340040162205696,0.6085106134414673,0.0009948022197932005,0.01915156841278076
216,0.6307855844497681,0.0010126340202987194,0.019288649782538414,0.6085106134414673,0.0009992263512685895,0.01865106262266636
217,0.6323816180229187,0.001009508385322988,0.019229434430599213,0.6085106134414673,0.0010015795705839992,0.018773328512907028
218,0.6329136490821838,0.0010170376626774669,0.01928425393998623,0.6085106134414673,0.0009906911291182041,0.019217275083065033
219,0.6297215819358826,0.0010124564869329333,0.019276218488812447,0.6085106134414673,0.000996514456346631,0.019061867147684097
220,0.6313176155090332,0.001011006417684257,0.019257675856351852,0.6085106134414673,0.0009893816895782948,0.019221866503357887
221,0.6322042942047119,0.0010155709460377693,0.019311318174004555,0.6085106134414673,0.0009922339813783765,0.019315872341394424
222,0.6322042942047119,0.0010108770802617073,0.01926540955901146,0.6085106134414673,0.0009925231570377946,0.01902836002409458
223,0.6339776515960693,0.0010110818548128009,0.01922568865120411,0.6085106134414673,0.0009931194363161922,0.01924555003643036
224,0.6291895508766174,0.0010142921237275004,0.019247442483901978,0.6085106134414673,0.0009894244140014052,0.019094029441475868
225,0.6307855844497681,0.0010075073223561049,0.0192097295075655,0.6085106134414673,0.0009896901901811361,0.01926279254257679
226,0.6330909729003906,0.0010078656487166882,0.01919281668961048,0.6085106134414673,0.0009915678529068828,0.019023843109607697
227,0.6298989057540894,0.0010108696296811104,0.01919863559305668,0.6085106134414673,0.000989707768894732,0.019057461991906166
228,0.6318496465682983,0.0010067194234579802,0.019180884584784508,0.6085106134414673,0.0009932484244927764,0.019009685143828392
229,0.6304309368133545,0.0010062902001664042,0.019150109961628914,0.6085106134414673,0.0009982350748032331,0.01860482059419155
230,0.6318496465682983,0.001009841449558735,0.019214127212762833,0.6085106134414673,0.0009899921715259552,0.01883467100560665
231,0.6306082606315613,0.0010072647128254175,0.019174691289663315,0.6085106134414673,0.0009902752935886383,0.019022705033421516
232,0.6329136490821838,0.0010060480562970042,0.019109312444925308,0.6085106134414673,0.0009891327936202288,0.019110390916466713
233,0.6307855844497681,0.0010052419966086745,0.019160615280270576,0.6085106134414673,0.0009971942054107785,0.018721947446465492
234,0.6313176155090332,0.0010030018165707588,0.019063184037804604,0.6085106134414673,0.00099382980260998,0.019686663523316383
235,0.6338003277778625,0.0010049759875983,0.01917177252471447,0.6085106134414673,0.0009888310451060534,0.0194079726934433
236,0.6279482245445251,0.0010058062616735697,0.01917029730975628,0.6085106134414673,0.0009920053416863084,0.019236458465456963
237,0.6330909729003906,0.001002995646558702,0.019118407741189003,0.6085106134414673,0.0009930870728567243,0.01944122463464737
238,0.6330909729003906,0.0010026306845247746,0.019070180132985115,0.6085106134414673,0.0009929949883371592,0.019525175914168358
239,0.6306082606315613,0.001002553733997047,0.0190779659897089,0.6085106134414673,0.0009912910172715783,0.019479840993881226
240,0.6307855844497681,0.0010051929857581854,0.019158415496349335,0.6085106134414673,0.000993517809547484,0.019307637587189674
241,0.6322042942047119,0.0010017635067924857,0.019098201766610146,0.6085106134414673,0.0009903867030516267,0.019412117078900337
242,0.632736325263977,0.0010010922560468316,0.019062567502260208,0.6085106134414673,0.0009931637905538082,0.019430039450526237
243,0.6318496465682983,0.0010022456990554929,0.019091011956334114,0.6085106134414673,0.0009936870774254203,0.019337791949510574
244,0.6298989057540894,0.0010018799221143126,0.01902926154434681,0.6085106134414673,0.0009907919447869062,0.019206972792744637
245,0.6323816180229187,0.0010010030819103122,0.019112784415483475,0.6085106134414673,0.0009904992766678333,0.01948351413011551
246,0.6334456205368042,0.0009987528901547194,0.0190347321331501,0.6085106134414673,0.0009993934072554111,0.019207675009965897
247,0.6313176155090332,0.0010017930762842298,0.019033625721931458,0.6085106134414673,0.0009987438097596169,0.019595881924033165
248,0.6297215819358826,0.0010002729250118136,0.01909424178302288,0.6085106134414673,0.0009954071138054132,0.01925194449722767
249,0.6323816180229187,0.0010049535194411874,0.019065434113144875,0.6085106134414673,0.0009890571236610413,0.019130462780594826
250,0.6318496465682983,0.000997978146187961,0.01910475455224514,0.6085106134414673,0.0009977638255804777,0.018813295289874077
251,0.6311402916908264,0.0009967463556677103,0.018979128450155258,0.6085106134414673,0.0009935015114024282,0.019217532128095627
252,0.6343322992324829,0.0010002730414271355,0.01906922087073326,0.6085106134414673,0.0009894288377836347,0.0190050657838583
253,0.6288349032402039,0.0009989581303671002,0.01906181499361992,0.6085106134414673,0.0009968626545742154,0.019095852971076965
254,0.6316722631454468,0.000998169300146401,0.018985960632562637,0.6085106134414673,0.0009941316675394773,0.019191142171621323
255,0.6339776515960693,0.0010001162299886346,0.01899302564561367,0.6085106134414673,0.0009942062897607684,0.01899297721683979
256,0.63149493932724,0.0009980021277442575,0.019014107063412666,0.6085106134414673,0.0009939013980329037,0.019146516919136047
257,0.6304309368133545,0.000998223782517016,0.019019706174731255,0.6085106134414673,0.0009979498572647572,0.018952475860714912
258,0.6339776515960693,0.0009969158563762903,0.01898231729865074,0.6085106134414673,0.0009980847826227546,0.01881720870733261
259,0.6313176155090332,0.000996966497041285,0.01894732378423214,0.6085106134414673,0.0010004357900470495,0.01889120601117611
260,0.632736325263977,0.0009994176216423512,0.019044360145926476,0.6085106134414673,0.0010097657795995474,0.018549032509326935
261,0.6298989057540894,0.0009988427627831697,0.01898680068552494,0.6085106134414673,0.0009945157216861844,0.019060635939240456
262,0.6309629082679749,0.0009989134268835187,0.01897202432155609,0.6085106134414673,0.0010090807918459177,0.018599871546030045
263,0.6302536129951477,0.0009960168972611427,0.01898794434964657,0.6085106134414673,0.0010005278745666146,0.01868661679327488
264,0.63149493932724,0.000991747947409749,0.018884798511862755,0.6085106134414673,0.0009901741286739707,0.019357407465577126
265,0.6300762295722961,0.0009977490408346057,0.019015034660696983,0.6085106134414673,0.0009925641352310777,0.01899874210357666
266,0.6352190375328064,0.0009927436476573348,0.018925365060567856,0.6085106134414673,0.001000892953015864,0.01878042332828045
267,0.6339776515960693,0.000994248315691948,0.01895570568740368,0.6085106134414673,0.0010057553881779313,0.01849847100675106
268,0.629366934299469,0.0009980443865060806,0.018940094858407974,0.6085106134414673,0.0009948636870831251,0.018894394859671593
269,0.63149493932724,0.0009957606671378016,0.01897503435611725,0.6085106134414673,0.0009977096924558282,0.018948804587125778
270,0.629366934299469,0.0009962157346308231,0.018938841298222542,0.6085106134414673,0.0010002846829593182,0.018870873376727104
271,0.6316722631454468,0.0009960655588656664,0.01892111822962761,0.6085106134414673,0.0009943763725459576,0.01906396821141243
272,0.6343322992324829,0.0009935395792126656,0.018971607089042664,0.6085106134414673,0.0010003773495554924,0.019169356673955917
273,0.6298989057540894,0.0009940718300640583,0.018966013565659523,0.6085106134414673,0.0009976036380976439,0.01876053586602211
274,0.6311402916908264,0.0009936888236552477,0.018913449719548225,0.6085106134414673,0.0009929983643814921,0.019027531147003174
275,0.6295442581176758,0.0009926737984642386,0.01890810765326023,0.6085106134414673,0.0009936558781191707,0.018870381638407707
276,0.6304309368133545,0.0009940896416082978,0.018909037113189697,0.6085106134414673,0.0010092280572280288,0.018546100705862045
277,0.632736325263977,0.0009923455072566867,0.018937183544039726,0.6085106134414673,0.0009987828088924289,0.018667226657271385
278,0.6302536129951477,0.0009922586614266038,0.018838895484805107,0.6085106134414673,0.0009919520234689116,0.018886875361204147
279,0.6302536129951477,0.0009906725026667118,0.018925866112113,0.6085106134414673,0.0009970072424039245,0.01882258802652359
280,0.629366934299469,0.0009903409518301487,0.01888313703238964,0.6085106134414673,0.0009945484343916178,0.019029513001441956
281,0.6300762295722961,0.0009935282869264483,0.018914194777607918,0.6085106134414673,0.0009947814978659153,0.018847230821847916
282,0.6325589418411255,0.0009932313114404678,0.018905941396951675,0.6085106134414673,0.0009948823135346174,0.018773026764392853
283,0.6350416541099548,0.0009936861461028457,0.018969766795635223,0.6085106134414673,0.0009959277231246233,0.018567517399787903
284,0.6345096826553345,0.0009883905295282602,0.018842190504074097,0.6085106134414673,0.000992054003290832,0.01905655860900879
285,0.6336230039596558,0.000993217690847814,0.018898913636803627,0.6085106134414673,0.0009943482000380754,0.01882494054734707
286,0.6322042942047119,0.000991088687442243,0.018886590376496315,0.6085106134414673,0.000993391266092658,0.01895352080464363
287,0.632736325263977,0.0009903681930154562,0.018854325637221336,0.6085106134414673,0.0009910853113979101,0.019156649708747864
288,0.6300762295722961,0.000991298584267497,0.018900388851761818,0.6085106134414673,0.0009917381685227156,0.018894504755735397
289,0.6316722631454468,0.0009899823926389217,0.01887468434870243,0.6085106134414673,0.0009920919546857476,0.01906067132949829
290,0.632736325263977,0.0009882283629849553,0.018846767023205757,0.6085106134414673,0.000991536071524024,0.01902025006711483
291,0.6325589418411255,0.0009913461981341243,0.018891969695687294,0.6085106134414673,0.0009941013995558023,0.01909523643553257
292,0.6336230039596558,0.0009901255834847689,0.018873220309615135,0.6085106134414673,0.0009910864755511284,0.019273262470960617
293,0.632736325263977,0.0009915834525600076,0.018887946382164955,0.6085106134414673,0.0009917053394019604,0.0190361887216568
294,0.6320269703865051,0.0009911548113450408,0.01885933429002762,0.6085106134414673,0.001000841148197651,0.01945667900145054
295,0.6302536129951477,0.0009896986884996295,0.018868988379836082,0.6085106134414673,0.0009884621249511838,0.018931809812784195
296,0.6338003277778625,0.0009883447783067822,0.01884540170431137,0.6085106134414673,0.0009895123075693846,0.019000418484210968
297,0.6336230039596558,0.0009897435083985329,0.01883651316165924,0.6085106134414673,0.0009926800848916173,0.01890246942639351
298,0.6330909729003906,0.0009911730885505676,0.01884925179183483,0.6085106134414673,0.0009910245425999165,0.01915093883872032
299,0.6323816180229187,0.0009876349940896034,0.018870268017053604,0.6085106134414673,0.000997772323898971,0.019245710223913193
300,0.6322042942047119,0.0009905913611873984,0.01888253539800644,0.6085106134414673,0.0009971725521609187,0.01863575354218483
301,0.6330909729003906,0.0009899676078930497,0.018793070688843727,0.6085106134414673,0.0009933634428307414,0.01897295005619526
302,0.6284802556037903,0.000990094617009163,0.01888701133430004,0.6085106134414673,0.0009986460208892822,0.018766600638628006
303,0.6339776515960693,0.0009887361666187644,0.01881938800215721,0.6085106134414673,0.0009857281111180782,0.019153669476509094
304,0.6313176155090332,0.0009916768176481128,0.018879465758800507,0.6085106134414673,0.0009904486360028386,0.019093738868832588
305,0.6300762295722961,0.0009885753970593214,0.018827024847269058,0.6085106134414673,0.000988150481134653,0.018999919295310974
306,0.6330909729003906,0.0009864959865808487,0.018849432468414307,0.6085106134414673,0.0009931960375979543,0.01874125935137272
307,0.6341549754142761,0.0009860072750598192,0.018813246861100197,0.6085106134414673,0.0009978438029065728,0.018748339265584946
308,0.6302536129951477,0.0009852439397946,0.01881888508796692,0.6085106134414673,0.0009958780137822032,0.018671656027436256
309,0.6323816180229187,0.000986158149316907,0.018782105296850204,0.6085106134414673,0.0009866830660030246,0.01905018836259842
310,0.6322042942047119,0.0009861837606877089,0.018829837441444397,0.6085106134414673,0.0009954600827768445,0.01913074217736721
311,0.6338003277778625,0.0009869704954326153,0.018832948058843613,0.6085106134414673,0.0009990079561248422,0.019106870517134666
312,0.6339776515960693,0.0009866275358945131,0.01882247067987919,0.6085106134414673,0.0009946858044713736,0.019025413319468498
313,0.6302536129951477,0.000987038016319275,0.018763722851872444,0.6085106134414673,0.0009952937252819538,0.018914595246315002
314,0.63149493932724,0.0009864947060123086,0.018867183476686478,0.6085106134414673,0.0010028741089627147,0.01862768828868866
315,0.6330909729003906,0.0009866190375760198,0.018770992755889893,0.6085106134414673,0.0009917753050103784,0.019095247611403465
316,0.6279482245445251,0.0009921069722622633,0.01888812519609928,0.6085106134414673,0.0009939126903191209,0.018992459401488304
317,0.6288349032402039,0.0009870321955531836,0.018826374784111977,0.6085106134414673,0.0009949830127879977,0.01906849816441536
318,0.632736325263977,0.0009876260301098228,0.01885940134525299,0.6085106134414673,0.0009981280891224742,0.018583044409751892
319,0.6325589418411255,0.00098519551102072,0.018812626600265503,0.6085106134414673,0.00099641690030694,0.018829554319381714
320,0.6346870064735413,0.0009855637326836586,0.018780812621116638,0.6085106134414673,0.0009958414593711495,0.018976667895913124
321,0.6311402916908264,0.0009908773936331272,0.01885431818664074,0.6085106134414673,0.000992127344943583,0.019097959622740746
322,0.6309629082679749,0.0009850008646026254,0.018808573484420776,0.6085106134414673,0.0009958550799638033,0.019021088257431984
323,0.6318496465682983,0.000986606813967228,0.01877082698047161,0.6085106134414673,0.000991244800388813,0.0191216841340065
324,0.6290122270584106,0.000986485043540597,0.01880693808197975,0.6085106134414673,0.000997100374661386,0.019195549190044403
325,0.6313176155090332,0.0009845817694440484,0.018767021596431732,0.6085106134414673,0.000990510918200016,0.01903373934328556
326,0.6330909729003906,0.0009861921425908804,0.01882164739072323,0.6085106134414673,0.0009896219708025455,0.01900544762611389
327,0.6306082606315613,0.0009860929567366838,0.018838943913578987,0.6085106134414673,0.0010018066968768835,0.018525976687669754
328,0.6304309368133545,0.0009865218307822943,0.018776381388306618,0.6085106134414673,0.0009929026709869504,0.019159585237503052
329,0.6313176155090332,0.000988108105957508,0.018857255578041077,0.6085106134414673,0.0009978081798180938,0.018572600558400154
330,0.6341549754142761,0.0009826422901824117,0.018715139478445053,0.6085106134414673,0.000989272608421743,0.0192414540797472
331,0.6334456205368042,0.0009854398667812347,0.018808411434292793,0.6085106134414673,0.000988396001048386,0.019301997497677803
332,0.6320269703865051,0.0009834903758019209,0.018773600459098816,0.6085106134414673,0.0009918574942275882,0.019278956577181816
333,0.6318496465682983,0.0009847378823906183,0.018793396651744843,0.6085106134414673,0.0009920982411131263,0.01927919127047062
334,0.6325589418411255,0.000983448582701385,0.018759367987513542,0.6085106134414673,0.000991043751128018,0.019119922071695328
335,0.6334456205368042,0.0009851321810856462,0.018739650025963783,0.6085106134414673,0.0009871984366327524,0.019253624603152275
336,0.6329136490821838,0.0009831537026911974,0.01878775656223297,0.6085106134414673,0.000988490297459066,0.01901630498468876
337,0.6290122270584106,0.000986383412964642,0.01885652355849743,0.6085106134414673,0.0009913688991218805,0.019076470285654068
338,0.6316722631454468,0.0009830062044784427,0.01870100200176239,0.6085106134414673,0.0009940805612131953,0.018912583589553833
339,0.6311402916908264,0.0009827943285927176,0.01871974766254425,0.6085106134414673,0.0009886277839541435,0.019223136827349663
340,0.6309629082679749,0.000984864542260766,0.018823273479938507,0.6085106134414673,0.0009988454403355718,0.018894430249929428
341,0.6309629082679749,0.0009847927140071988,0.018772149458527565,0.6085106134414673,0.0009932063985615969,0.018709322437644005
342,0.6297215819358826,0.0009851532522588968,0.018752679228782654,0.6085106134414673,0.0009928436484187841,0.018846264109015465
343,0.6284802556037903,0.0009865319589152932,0.018787046894431114,0.6085106134414673,0.000987430801615119,0.019007287919521332
344,0.6318496465682983,0.000984114478342235,0.01875305362045765,0.6085106134414673,0.00098633102606982,0.019049696624279022
345,0.6309629082679749,0.0009823713917285204,0.018731042742729187,0.6085106134414673,0.0009771533077582717,0.019154764711856842
346,0.6298989057540894,0.000985173275694251,0.018822303041815758,0.6085106134414673,0.0009997696615755558,0.018485695123672485
347,0.6295442581176758,0.0009844910819083452,0.0187526885420084,0.6085106134414673,0.0009934166446328163,0.0188510213047266
348,0.6318496465682983,0.0009835881646722555,0.018724679946899414,0.6085106134414673,0.000987646053545177,0.019099658355116844
349,0.6332682967185974,0.0009835745440796018,0.01879878155887127,0.6085106134414673,0.001015960588119924,0.018743468448519707
